,,Optimal Capacity,Installed Capacity,Supply,Withdrawal,Dispatch,Transmission,Capacity Factor,Curtailment,Capital Expenditure,Operational Expenditure,Revenue,Market Value
Generator,market,15000.0,15000.0,43736275.5,0.0,43736275.5,0.0,0.9985451027397263,0.0,0.0,0.0,2803712256240.0,64104.961480773534
Generator,offwind,30.3391,0.0,29717.619905246,0.0,29717.619905246,0.0,0.33545052723507524,0.01362439706276786,767733982.7104287,0.0,767734551.991848,25834.321673127037
Generator,solar,170.479,0.0,63645.53318956901,0.0,63645.53318956901,0.0,0.12785396134350738,0.09076441797516892,935727710.114816,0.0,935726520.6751423,14702.155418952489
Link,AC,383.89300000000003,0.0,167611.49606746942,168049.98283330502,-438.4867658356088,168049.982833305,0.14991511693104212,0.0,126921671.03325437,-191173981.77779984,-64252954.86420536,-383.34455793139836
Load,-,0.0,0.0,0.0,43829200.0,-43829200.0,0.0,,0.0,0.0,0.0,-2805671443215.8,
Store,battery storage,148.869,0.0,5369.225898410003,5369.224447970001,0.001450439998507136,0.0,0.5722394908998549,0.0,319978380.72211194,0.0,319979496.479514,59595.089223992276
